start_date,end_date,date_range,timedelta_days,bands,band_count,city,country,state,raw_score,avg_score
2023-05-30,2023-06-03,2023-05-30 to 2023-06-03,5,"('Shai Maestro', 'Hans Zimmer')",2,Vienna,Austria,,90.0,45.0
2023-07-02,2023-07-02,2023-07-02,1,"('Shai Maestro', 'Thundercat')",2,Lewes,UK,,100.0,50.0
2023-06-09,2023-06-09,2023-06-09,1,"('Muse', 'Hans Zimmer')",2,Cologne,Germany,,130.0,65.0
2023-06-23,2023-06-25,2023-06-23 to 2023-06-25,3,"('Matchbox Twenty', 'LCD Soundsystem')",2,Nashville,US,TN,140.0,70.0
2023-06-24,2023-06-27,2023-06-24 to 2023-06-27,4,"('DOMi & JD BECK', 'Hans Zimmer')",2,Paris,France,,140.0,70.0
2023-06-25,2023-07-01,2023-06-25 to 2023-07-01,7,"('The Chainsmokers', 'LCD Soundsystem')",2,Chicago,US,IL,140.0,70.0
2023-06-23,2023-06-28,2023-06-23 to 2023-06-28,6,"('Muse', 'The Chicks')",2,Glasgow,UK,,140.0,70.0
2023-05-30,2023-06-02,2023-05-30 to 2023-06-02,4,"('Matchbox Twenty', 'LCD Soundsystem')",2,San Diego,US,CA,140.0,70.0
2023-05-02,2023-05-02,2023-05-02,1,"('Theo Katzman', 'May Erlewine')",2,Montreal,Canada,QC,150.0,75.0
2023-05-12,2023-05-12,2023-05-12,1,"('Theo Katzman', 'May Erlewine')",2,Minneapolis,US,MN,150.0,75.0
2023-05-03,2023-05-03,2023-05-03,1,"('Theo Katzman', 'May Erlewine')",2,Toronto,Canada,ON,150.0,75.0
2023-04-04,2023-04-04,2023-04-04,1,"('Theo Katzman', 'May Erlewine')",2,Vancouver,Canada,BC,150.0,75.0
2023-08-05,2023-08-10,2023-08-05 to 2023-08-10,6,"('The Chicks', 'Lamb Of God')",2,Hershey,US,PA,150.0,75.0
2023-05-14,2023-05-14,2023-05-14,1,"('Theo Katzman', 'May Erlewine')",2,Madison,US,TN,150.0,75.0
2023-06-20,2023-06-23,2023-06-20 to 2023-06-23,4,"('Thundercat', 'Hans Zimmer')",2,Paris,France,,150.0,75.0
2023-05-05,2023-05-05,2023-05-05,1,"('Mac Ayres', 'May Erlewine')",2,Chicago,US,IL,150.0,75.0
2023-05-06,2023-05-06,2023-05-06,1,"('Theo Katzman', 'Mac Ayres')",2,Detroit,US,MI,160.0,80.0
2023-08-19,2023-08-23,2023-08-19 to 2023-08-23,5,"('Ed Sheeran', 'Lamb Of God')",2,Denver,US,CO,160.0,80.0
2023-06-30,2023-07-05,2023-06-30 to 2023-07-05,6,"('Snarky Puppy', 'Yaron Herman')",2,Vienne,France,,160.0,80.0
2023-06-15,2023-06-16,2023-06-15 to 2023-06-16,2,"('Harry Styles', 'Hans Zimmer')",2,London,UK,,160.0,80.0
2023-07-04,2023-07-09,2023-07-04 to 2023-07-09,6,"('Todd Rundgren', 'Eagles of Death Metal')",2,London,UK,,160.0,80.0
2023-06-16,2023-06-16,2023-06-16,1,"('Queens of the Stone Age', 'Muse')",2,Neuhausen Ob Eck,Germany,,170.0,85.0
2023-05-25,2023-05-30,2023-05-25 to 2023-05-30,6,"('Matchbox Twenty', 'Lizzo')",2,San Diego,US,CA,170.0,85.0
2023-06-21,2023-06-23,2023-06-21 to 2023-06-23,3,"('Fall Out Boy', 'LCD Soundsystem')",2,Chicago,US,IL,170.0,85.0
2023-06-16,2023-06-16,2023-06-16,1,"('Queens of the Stone Age', 'Muse')",2,Scheessel,Germany,,170.0,85.0
2023-06-02,2023-06-03,2023-06-02 to 2023-06-03,2,"('Miguel Migs', 'Mr. Carmack')",2,Orlando,US,FL,170.0,85.0
2023-07-22,2023-07-27,2023-07-22 to 2023-07-27,6,"('Ed Sheeran', 'The Chicks')",2,Nashville,US,TN,170.0,85.0
2023-06-21,2023-06-27,2023-06-21 to 2023-06-27,7,"('Harry Styles', 'The Chicks')",2,Cardiff,UK,,170.0,85.0
2023-05-04,2023-05-05,2023-05-04 to 2023-05-05,2,"('Theo Katzman', 'Arch Echo')",2,Cleveland,US,OH,180.0,90.0
2023-05-24,2023-05-26,2023-05-24 to 2023-05-26,3,"('Billy Cobham', 'Polyphia')",2,Paris,France,,180.0,90.0
2023-06-30,2023-07-03,2023-06-30 to 2023-07-03,4,"('The Academy Of Ancient Music', 'Maroon 5')",2,London,UK,,180.0,90.0
2023-05-13,2023-05-13,2023-05-13,1,"('The Chainsmokers', 'OneRepublic')",2,Mexico City,Mexico,,180.0,90.0
2023-05-04,2023-05-05,2023-05-04 to 2023-05-05,2,"('Hiatus Kaiyote', 'Muse')",2,Atlanta,US,GA,180.0,90.0
2023-05-23,2023-05-24,2023-05-23 to 2023-05-24,2,"('Louis Cole', 'Billy Cobham')",2,Paris,France,,180.0,90.0
2023-06-10,2023-06-16,2023-06-10 to 2023-06-16,7,"('Hans Zimmer', 'RAYE')",2,Manchester,UK,,180.0,90.0
2023-05-16,2023-05-18,2023-05-16 to 2023-05-18,3,"('Billy Cobham', 'Polyphia')",2,Berlin,Germany,,180.0,90.0
2023-05-20,2023-05-22,2023-05-20 to 2023-05-22,3,"('Matchbox Twenty', 'Miguel Migs')",2,Hollywood,US,CA,190.0,95.0
2023-05-06,2023-05-06,2023-05-06,1,"('Veil of Maya', 'The Chicks')",2,Las Vegas,US,NV,190.0,95.0
2023-06-01,2023-06-04,2023-06-01 to 2023-06-04,4,"('DOMi & JD BECK', 'Diplo')",2,Barcelona,Spain,,190.0,95.0
2023-06-20,2023-06-23,2023-06-20 to 2023-06-23,4,"('Fall Out Boy', 'Matchbox Twenty')",2,Maryland Heights,US,MO,190.0,95.0
2023-05-27,2023-05-27,2023-05-27,1,"('Matchbox Twenty', 'Bruno Mars')",2,Las Vegas,US,NV,190.0,95.0
2023-07-02,2023-07-04,2023-07-02 to 2023-07-04,3,"('Maroon 5', 'The Chicks')",2,Birmingham,UK,,190.0,95.0
2023-05-23,2023-05-25,2023-05-23 to 2023-05-25,3,"('Lizzo', 'Arch Echo')",2,San Diego,US,CA,190.0,95.0
2023-06-08,2023-06-08,2023-06-08,1,"('DOMi & JD BECK', 'Diplo')",2,Arganda del Rey,Spain,,190.0,95.0
2023-06-23,2023-06-25,2023-06-23 to 2023-06-25,3,"('Maroon 5', 'The Chicks')",2,Amsterdam,Netherlands,,190.0,95.0
2023-05-07,2023-05-09,2023-05-07 to 2023-05-09,3,"('Post Malone', 'Sam Wills')",2,London,UK,,200.0,100.0
2023-10-14,2023-10-14,2023-10-14,1,"('DOMi & JD BECK', 'Polyphia')",2,Denver,US,CO,200.0,100.0
2023-10-06,2023-10-11,2023-10-06 to 2023-10-11,6,"('Theo Katzman', 'Powfu')",2,Manchester,UK,,200.0,100.0
2023-10-11,2023-10-13,2023-10-11 to 2023-10-13,3,"('Theo Katzman', 'Cory Wong')",2,Manchester,UK,,200.0,100.0
2023-07-22,2023-07-22,2023-07-22,1,"('Disturbed', 'Breaking Benjamin')",2,Phoenix,US,AZ,200.0,100.0
2023-07-11,2023-07-11,2023-07-11,1,"('Disturbed', 'Breaking Benjamin')",2,Denver,US,CO,200.0,100.0
2023-05-23,2023-05-23,2023-05-23,1,"('Polyphia', 'Hans Zimmer')",2,Zürich,Switzerland,,200.0,100.0
2023-10-04,2023-10-06,2023-10-04 to 2023-10-06,3,"('Theo Katzman', 'Cory Wong')",2,Paris,France,,200.0,100.0
2023-06-06,2023-06-10,2023-06-06 to 2023-06-10,5,"('Harry Styles', 'RAYE')",2,Manchester,UK,,200.0,100.0
2023-09-02,2023-09-02,2023-09-02,1,"('Disturbed', 'Breaking Benjamin')",2,Noblesville,US,IN,200.0,100.0
2023-09-29,2023-10-02,2023-09-29 to 2023-10-02,4,"('Theo Katzman', 'Cory Wong')",2,Oslo,Norway,,200.0,100.0
2023-10-11,2023-10-12,2023-10-11 to 2023-10-12,2,"('Theo Katzman', 'Cory Wong')",2,London,UK,,200.0,100.0
2023-05-14,2023-05-16,2023-05-14 to 2023-05-16,3,"('Lizzo', 'Breaking Benjamin')",2,Milwaukee,US,WI,200.0,100.0
2023-10-18,2023-10-18,2023-10-18,1,"('DOMi & JD BECK', 'Polyphia')",2,Milwaukee,US,WI,200.0,100.0
2023-10-17,2023-10-17,2023-10-17,1,"('DOMi & JD BECK', 'Polyphia')",2,Minneapolis,US,MN,200.0,100.0
2023-05-28,2023-05-31,2023-05-28 to 2023-05-31,4,"('DOMi & JD BECK', 'Polyphia')",2,London,UK,,200.0,100.0
2023-10-24,2023-10-24,2023-10-24,1,"('DOMi & JD BECK', 'Polyphia')",2,Montreal,Canada,QC,200.0,100.0
2023-05-22,2023-05-24,2023-05-22 to 2023-05-24,3,"('Polyphia', 'Hans Zimmer')",2,Munich,Germany,,200.0,100.0
2023-07-25,2023-07-25,2023-07-25,1,"('Disturbed', 'Breaking Benjamin')",2,Dallas,US,TX,200.0,100.0
2023-07-20,2023-07-20,2023-07-20,1,"('Disturbed', 'Breaking Benjamin')",2,Irvine,US,CA,200.0,100.0
2023-10-26,2023-10-26,2023-10-26,1,"('DOMi & JD BECK', 'Polyphia')",2,New York (NYC),US,NY,200.0,100.0
2023-10-10,2023-10-14,2023-10-10 to 2023-10-14,5,"('Theo Katzman', 'Cory Wong')",2,Glasgow,UK,,200.0,100.0
2023-08-23,2023-08-23,2023-08-23,1,"('Disturbed', 'Breaking Benjamin')",2,Gilford,US,NH,200.0,100.0
2023-08-29,2023-08-29,2023-08-29,1,"('Disturbed', 'Breaking Benjamin')",2,Maryland Heights,US,MO,200.0,100.0
2023-07-06,2023-07-09,2023-07-06 to 2023-07-09,4,"('Harry Styles', 'Eagles of Death Metal')",2,Frankfurt,Germany,,200.0,100.0
2023-10-14,2023-10-17,2023-10-14 to 2023-10-17,4,"('Theo Katzman', 'Cory Wong')",2,Dublin,Ireland,,200.0,100.0
2023-08-27,2023-08-27,2023-08-27,1,"('Disturbed', 'Breaking Benjamin')",2,Cuyahoga Falls,US,OH,200.0,100.0
2023-10-25,2023-10-25,2023-10-25,1,"('DOMi & JD BECK', 'Polyphia')",2,Boston,US,MA,200.0,100.0
2023-08-19,2023-08-19,2023-08-19,1,"('Disturbed', 'Breaking Benjamin')",2,Wantagh,US,NY,200.0,100.0
2023-05-24,2023-05-25,2023-05-24 to 2023-05-25,2,"('Matchbox Twenty', 'Diplo')",2,Bakersfield,US,CA,200.0,100.0
2023-07-31,2023-07-31,2023-07-31,1,"('Disturbed', 'Breaking Benjamin')",2,Charlotte,US,NC,200.0,100.0
2023-09-24,2023-09-29,2023-09-24 to 2023-09-29,6,"('Theo Katzman', 'Powfu')",2,Berlin,Germany,,200.0,100.0
2023-10-05,2023-10-05,2023-10-05,1,"('DOMi & JD BECK', 'Polyphia')",2,San Francisco,US,CA,200.0,100.0
2023-10-21,2023-10-21,2023-10-21,1,"('DOMi & JD BECK', 'Polyphia')",2,Toronto,Canada,ON,200.0,100.0
2023-08-30,2023-08-30,2023-08-30,1,"('Disturbed', 'Breaking Benjamin')",2,Tinley Park,US,IL,200.0,100.0
2023-07-16,2023-07-16,2023-07-16,1,"('Disturbed', 'Breaking Benjamin')",2,Auburn,US,WA,200.0,100.0
2023-07-27,2023-07-27,2023-07-27,1,"('Disturbed', 'Breaking Benjamin')",2,The Woodlands,US,TX,200.0,100.0
2023-10-19,2023-10-19,2023-10-19,1,"('DOMi & JD BECK', 'Polyphia')",2,Chicago,US,IL,200.0,100.0
2023-08-12,2023-08-12,2023-08-12,1,"('Disturbed', 'Breaking Benjamin')",2,Syracuse,US,NY,200.0,100.0
2023-08-09,2023-08-09,2023-08-09,1,"('Disturbed', 'Breaking Benjamin')",2,Bristow,US,VA,200.0,100.0
2023-08-26,2023-08-26,2023-08-26,1,"('Disturbed', 'Breaking Benjamin')",2,Burgettstown,US,PA,200.0,100.0
2023-08-21,2023-08-21,2023-08-21,1,"('Disturbed', 'Breaking Benjamin')",2,Camden,US,NJ,200.0,100.0
2023-09-28,2023-10-03,2023-09-28 to 2023-10-03,6,"('Theo Katzman', 'Cory Wong')",2,Stockholm,Sweden,,200.0,100.0
2023-10-11,2023-10-11,2023-10-11,1,"('DOMi & JD BECK', 'Polyphia')",2,Seattle,US,WA,200.0,100.0
2023-09-01,2023-09-01,2023-09-01,1,"('Disturbed', 'Breaking Benjamin')",2,Clarkston,US,MI,200.0,100.0
2023-08-15,2023-08-15,2023-08-15,1,"('Disturbed', 'Breaking Benjamin')",2,Cincinnati,US,OH,200.0,100.0
2023-07-23,2023-07-23,2023-07-23,1,"('Disturbed', 'Breaking Benjamin')",2,Albuquerque,US,NM,200.0,100.0
2023-08-07,2023-08-07,2023-08-07,1,"('Disturbed', 'Breaking Benjamin')",2,Raleigh,US,NC,200.0,100.0
2023-08-01,2023-08-01,2023-08-01,1,"('Disturbed', 'Breaking Benjamin')",2,Alpharetta,US,GA,200.0,100.0
2023-09-30,2023-10-04,2023-09-30 to 2023-10-04,5,"('Theo Katzman', 'Cory Wong')",2,Copenhagen,Denmark,,200.0,100.0
2023-10-03,2023-10-08,2023-10-03 to 2023-10-08,6,"('Theo Katzman', 'Cory Wong')",2,Amsterdam,Netherlands,,200.0,100.0
2023-06-07,2023-06-10,2023-06-07 to 2023-06-10,4,"('Louis Cole', 'Hans Zimmer')",2,Amsterdam,Netherlands,,200.0,100.0
2023-07-18,2023-07-18,2023-07-18,1,"('Disturbed', 'Breaking Benjamin')",2,Wheatland,US,CA,200.0,100.0
2023-07-15,2023-07-15,2023-07-15,1,"('Disturbed', 'Breaking Benjamin')",2,Ridgefield,US,WA,200.0,100.0
2023-08-03,2023-08-03,2023-08-03,1,"('Disturbed', 'Breaking Benjamin')",2,West Palm Beach,US,FL,200.0,100.0
2023-07-29,2023-07-29,2023-07-29,1,"('Disturbed', 'Breaking Benjamin')",2,Rogers,US,AR,200.0,100.0
2023-10-20,2023-10-20,2023-10-20,1,"('DOMi & JD BECK', 'Polyphia')",2,Royal Oak,US,MI,200.0,100.0
2023-10-31,2023-10-31,2023-10-31,1,"('DOMi & JD BECK', 'Polyphia')",2,Atlanta,US,GA,200.0,100.0
2023-07-13,2023-07-13,2023-07-13,1,"('Disturbed', 'Breaking Benjamin')",2,West Valley City,US,UT,200.0,100.0
2023-05-01,2023-05-01,2023-05-01,1,"('Disturbed', 'Theory of a Deadman')",2,Toronto,Canada,ON,210.0,105.0
2023-05-25,2023-05-25,2023-05-25,1,"('Marshmello', 'The Chainsmokers')",2,Las Vegas,US,NV,210.0,105.0
2023-05-08,2023-05-08,2023-05-08,1,"('Disturbed', 'Theory of a Deadman')",2,Winnipeg,Canada,MB,210.0,105.0
2023-04-27,2023-04-27,2023-04-27,1,"('Disturbed', 'Theory of a Deadman')",2,Montreal,Canada,QC,210.0,105.0
2023-05-05,2023-05-05,2023-05-05,1,"('Marshmello', 'The Chicks')",2,Las Vegas,US,NV,210.0,105.0
2023-06-20,2023-06-24,2023-06-20 to 2023-06-24,5,"('Hollywood Undead', 'Unprocessed')",2,Münster,Germany,,210.0,105.0
2023-04-29,2023-04-29,2023-04-29,1,"('Disturbed', 'Theory of a Deadman')",2,Québec,Canada,QC,210.0,105.0
2023-05-12,2023-05-12,2023-05-12,1,"('Disturbed', 'Theory of a Deadman')",2,Abbotsford,Canada,BC,210.0,105.0
2023-05-10,2023-05-10,2023-05-10,1,"('Disturbed', 'Theory of a Deadman')",2,Edmonton,Canada,AB,210.0,105.0
2023-05-25,2023-05-27,2023-05-25 to 2023-05-27,3,"('Ed Sheeran', 'Paramore')",2,Atlanta,US,GA,220.0,110.0
2023-06-30,2023-07-04,2023-06-30 to 2023-07-04,5,"('OneRepublic', 'Martin Garrix')",2,Bonn,Germany,,220.0,110.0
2023-06-18,2023-06-23,2023-06-18 to 2023-06-23,6,"('Ed Sheeran', 'Anomalie')",2,Toronto,Canada,ON,220.0,110.0
2023-05-13,2023-05-16,2023-05-13 to 2023-05-16,4,"('Post Malone', 'Polyphia')",2,Manchester,UK,,220.0,110.0
2023-07-03,2023-07-04,2023-07-03 to 2023-07-04,2,"('Maroon 5', 'Eagles of Death Metal')",2,London,UK,,220.0,110.0
2023-09-16,2023-09-22,2023-09-16 to 2023-09-22,7,"('Theory of a Deadman', 'Parov Stelar')",2,London,UK,,220.0,110.0
2023-05-12,2023-05-14,2023-05-12 to 2023-05-14,3,"('Post Malone', 'Polyphia')",2,Birmingham,UK,,220.0,110.0
2023-06-06,2023-06-07,2023-06-06 to 2023-06-07,2,"('Harry Styles', 'Louis Cole')",2,Amsterdam,Netherlands,,220.0,110.0
2023-05-17,2023-05-17,2023-05-17,1,"('Post Malone', 'Louis Cole')",2,Manchester,UK,,220.0,110.0
2023-07-14,2023-07-19,2023-07-14 to 2023-07-19,6,"('Harry Styles', 'Louis Cole')",2,Madrid,Spain,,220.0,110.0
2023-05-10,2023-05-13,2023-05-10 to 2023-05-13,4,"('Post Malone', 'Polyphia')",2,Glasgow,UK,,220.0,110.0
2023-05-10,2023-05-15,2023-05-10 to 2023-05-15,6,"('Post Malone', 'Louis Cole')",2,Dublin,Ireland,,220.0,110.0
2023-05-20,2023-05-21,2023-05-20 to 2023-05-21,2,"('Veil of Maya', 'Breaking Benjamin')",2,Lexington,US,KY,220.0,110.0
2023-07-19,2023-07-20,2023-07-19 to 2023-07-20,2,"('Cory Wong', 'Parov Stelar')",2,Stuttgart,Germany,,220.0,110.0
2023-05-15,2023-05-15,2023-05-15,1,"('Veil of Maya', 'RAYE')",2,Chicago,US,IL,220.0,110.0
2023-07-13,2023-07-13,2023-07-13,1,"('Snarky Puppy', 'Parov Stelar')",2,Stuttgart,Germany,,220.0,110.0
2023-05-18,2023-05-22,2023-05-18 to 2023-05-22,5,"('Harry Styles', 'Polyphia')",2,Munich,Germany,,220.0,110.0
2023-06-15,2023-06-15,2023-06-15,1,"('Hollywood Undead', 'Meshuggah')",2,Clisson,France,,230.0,115.0
2023-06-30,2023-06-30,2023-06-30,1,"('Tigran Hamasyan', 'Shai Maestro', 'Thundercat')",3,Lewes,UK,,230.0,76.67
2023-05-12,2023-05-17,2023-05-12 to 2023-05-17,6,"('Plini', 'Arch Echo')",2,Washington,US,DC,230.0,115.0
2023-06-11,2023-06-15,2023-06-11 to 2023-06-15,5,"('Maroon 5', 'Diplo')",2,Madrid,Spain,,230.0,115.0
2023-07-22,2023-07-22,2023-07-22,1,"('Marshmello', 'Dave Koz')",2,Las Vegas,US,NV,230.0,115.0
2023-06-22,2023-06-22,2023-06-22,1,"('Hollywood Undead', 'Meshuggah')",2,Ysselsteyn,Netherlands,,230.0,115.0
2023-10-20,2023-10-24,2023-10-20 to 2023-10-24,5,"('Fall Out Boy', 'Martin Garrix')",2,Amsterdam,Netherlands,,230.0,115.0
2023-09-02,2023-09-02,2023-09-02,1,"('Martin Garrix', 'RAYE')",2,Munich,Germany,,230.0,115.0
2023-10-29,2023-11-01,2023-10-29 to 2023-11-01,4,"('Fall Out Boy', 'Animals As Leaders')",2,Manchester,UK,,240.0,120.0
2023-05-19,2023-05-19,2023-05-19,1,"('Haken', 'Arch Echo')",2,Dallas,US,TX,240.0,120.0
2023-08-23,2023-08-23,2023-08-23,1,"('Billie Eilish', 'You Me At Six')",2,Reading,UK,,240.0,120.0
2023-05-20,2023-05-21,2023-05-20 to 2023-05-21,2,"('Plini', 'Veil of Maya')",2,Atlanta,US,GA,240.0,120.0
2023-11-02,2023-11-02,2023-11-02,1,"('Fall Out Boy', 'Animals As Leaders')",2,London,UK,,240.0,120.0
2023-05-24,2023-05-24,2023-05-24,1,"('Haken', 'Arch Echo')",2,Los Angeles (LA),US,CA,240.0,120.0
2023-05-09,2023-05-11,2023-05-09 to 2023-05-11,3,"('Sam Wills', 'Polyphia')",2,London,UK,,240.0,120.0
2023-05-17,2023-05-17,2023-05-17,1,"('Haken', 'Arch Echo')",2,Atlanta,US,GA,240.0,120.0
2023-08-25,2023-08-25,2023-08-25,1,"('Billie Eilish', 'You Me At Six')",2,Wetherby,UK,,240.0,120.0
2023-05-22,2023-05-22,2023-05-22,1,"('Haken', 'Arch Echo')",2,Mesa,US,AZ,240.0,120.0
2023-05-26,2023-05-26,2023-05-26,1,"('Haken', 'Arch Echo')",2,Portland,US,OR,240.0,120.0
2023-07-23,2023-07-25,2023-07-23 to 2023-07-25,3,"('Snarky Puppy', 'Cory Wong')",2,Marciac,France,,240.0,120.0
2023-05-07,2023-05-07,2023-05-07,1,"('Haken', 'Arch Echo')",2,Québec,Canada,QC,240.0,120.0
2023-05-27,2023-05-27,2023-05-27,1,"('Haken', 'Arch Echo')",2,Seattle,US,WA,240.0,120.0
2023-05-15,2023-05-15,2023-05-15,1,"('Haken', 'Arch Echo')",2,Fort Lauderdale,US,FL,240.0,120.0
2023-05-31,2023-05-31,2023-05-31,1,"('Haken', 'Arch Echo')",2,Englewood,US,CO,240.0,120.0
2023-05-21,2023-05-21,2023-05-21,1,"('Haken', 'Arch Echo')",2,El Paso,US,TX,240.0,120.0
2023-06-01,2023-06-01,2023-06-01,1,"('Haken', 'Arch Echo')",2,Lawrence,US,KS,240.0,120.0
2023-06-03,2023-06-03,2023-06-03,1,"('Haken', 'Arch Echo')",2,Chicago,US,IL,240.0,120.0
2023-05-28,2023-05-28,2023-05-28,1,"('Marshmello', 'Bruno Mars')",2,Las Vegas,US,NV,240.0,120.0
2023-06-03,2023-06-03,2023-06-03,1,"('Marshmello', 'Bruno Mars')",2,Las Vegas,US,NV,240.0,120.0
2023-05-05,2023-05-05,2023-05-05,1,"('Haken', 'Arch Echo')",2,Toronto,Canada,ON,240.0,120.0
2023-05-11,2023-05-11,2023-05-11,1,"('Haken', 'Arch Echo')",2,New York (NYC),US,NY,240.0,120.0
2023-05-13,2023-05-13,2023-05-13,1,"('Haken', 'Arch Echo')",2,Charlotte,US,NC,240.0,120.0
2023-05-02,2023-05-04,2023-05-02 to 2023-05-04,3,"('Theo Katzman', 'Lizzo', 'May Erlewine')",3,Montreal,Canada,QC,240.0,80.0
2023-10-28,2023-11-03,2023-10-28 to 2023-11-03,7,"('Fall Out Boy', 'Animals As Leaders')",2,Glasgow,UK,,240.0,120.0
2023-11-07,2023-11-12,2023-11-07 to 2023-11-12,6,"('Fall Out Boy', 'Animals As Leaders')",2,Hamburg,Germany,,240.0,120.0
2023-05-06,2023-05-06,2023-05-06,1,"('Haken', 'Arch Echo')",2,Montreal,Canada,QC,240.0,120.0
2023-05-25,2023-05-25,2023-05-25,1,"('Haken', 'Arch Echo')",2,San Francisco,US,CA,240.0,120.0
2023-10-31,2023-11-04,2023-10-31 to 2023-11-04,5,"('Fall Out Boy', 'Animals As Leaders')",2,Birmingham,UK,,240.0,120.0
2023-11-08,2023-11-13,2023-11-08 to 2023-11-13,6,"('Fall Out Boy', 'Animals As Leaders')",2,Berlin,Germany,,240.0,120.0
2023-05-30,2023-05-30,2023-05-30,1,"('Haken', 'Arch Echo')",2,South Salt Lake,US,UT,240.0,120.0
2023-06-02,2023-06-02,2023-06-02,1,"('Haken', 'Arch Echo')",2,Minneapolis,US,MN,240.0,120.0
2023-07-16,2023-07-21,2023-07-16 to 2023-07-21,6,"('Snarky Puppy', 'Cory Wong')",2,Sete,France,,240.0,120.0
2023-05-16,2023-05-16,2023-05-16,1,"('Plini', 'Sungazer')",2,Pittsburgh,US,PA,250.0,125.0
2023-05-03,2023-05-03,2023-05-03,1,"('Plini', 'Sungazer')",2,Seattle,US,WA,250.0,125.0
2023-05-14,2023-05-14,2023-05-14,1,"('Plini', 'Sungazer')",2,New York (NYC),US,NY,250.0,125.0
2023-05-15,2023-05-15,2023-05-15,1,"('Plini', 'Sungazer')",2,New York (NYC),US,NY,250.0,125.0
2023-05-01,2023-05-01,2023-05-01,1,"('Plini', 'Sungazer')",2,Portland,US,OR,250.0,125.0
2023-07-28,2023-07-28,2023-07-28,1,"('Louis Cole', 'Foo Fighters')",2,Niigata,Japan,,250.0,125.0
2023-05-02,2023-05-02,2023-05-02,1,"('Plini', 'Sungazer')",2,Vancouver,Canada,BC,250.0,125.0
2023-05-26,2023-05-26,2023-05-26,1,"('Plini', 'Sungazer')",2,Phoenix,US,AZ,250.0,125.0
2023-06-23,2023-06-28,2023-06-23 to 2023-06-28,6,"('Snarky Puppy', 'Anomalie')",2,Toronto,Canada,ON,250.0,125.0
2023-05-05,2023-05-05,2023-05-05,1,"('Plini', 'Sungazer')",2,Salt Lake City,US,UT,250.0,125.0
2023-05-08,2023-05-08,2023-05-08,1,"('Plini', 'Sungazer')",2,Minneapolis,US,MN,250.0,125.0
2023-08-11,2023-08-12,2023-08-11 to 2023-08-12,2,"('Sam Smith', 'Lamb Of God')",2,Toronto,Canada,ON,250.0,125.0
2023-05-11,2023-05-11,2023-05-11,1,"('Plini', 'Sungazer')",2,Toronto,Canada,ON,250.0,125.0
2023-05-20,2023-05-20,2023-05-20,1,"('Plini', 'Sungazer')",2,Orlando,US,FL,250.0,125.0
2023-05-16,2023-05-22,2023-05-16 to 2023-05-22,7,"('Sam Smith', 'Hans Zimmer')",2,Zürich,Switzerland,,250.0,125.0
2023-05-09,2023-05-09,2023-05-09,1,"('Plini', 'Sungazer')",2,Chicago,US,IL,250.0,125.0
2023-07-29,2023-08-03,2023-07-29 to 2023-08-03,6,"('Ed Sheeran', 'Billie Eilish')",2,Chicago,US,IL,250.0,125.0
2023-05-19,2023-05-19,2023-05-19,1,"('Plini', 'Sungazer')",2,Charlotte,US,NC,250.0,125.0
2023-05-06,2023-05-06,2023-05-06,1,"('Plini', 'Sungazer')",2,Englewood,US,CO,250.0,125.0
2023-05-13,2023-05-13,2023-05-13,1,"('Plini', 'Sungazer')",2,Boston,US,MA,250.0,125.0
2023-05-19,2023-05-20,2023-05-19 to 2023-05-20,2,"('Louis Cole', 'Diplo')",2,London,UK,,250.0,125.0
2023-05-23,2023-05-23,2023-05-23,1,"('Plini', 'Sungazer')",2,Dallas,US,TX,250.0,125.0
2023-05-24,2023-05-24,2023-05-24,1,"('Plini', 'Sungazer')",2,Austin,US,TX,250.0,125.0
2023-05-20,2023-05-20,2023-05-20,1,"('Thundercat', 'The Chainsmokers', 'Mother Mother')",3,Guadalajara,Mexico,,250.0,83.33
2023-05-27,2023-05-27,2023-05-27,1,"('Plini', 'Sungazer')",2,Los Angeles (LA),US,CA,250.0,125.0
2023-05-10,2023-05-10,2023-05-10,1,"('Plini', 'Sungazer')",2,Detroit,US,MI,250.0,125.0
2023-05-21,2023-05-25,2023-05-21 to 2023-05-25,5,"('Plini', 'Paramore')",2,Atlanta,US,GA,260.0,130.0
2023-06-14,2023-06-14,2023-06-14,1,"('Harry Styles', 'OneRepublic', 'Hans Zimmer')",3,London,UK,,260.0,86.67
2023-07-27,2023-07-29,2023-07-27 to 2023-07-29,3,"('Sam Smith', 'The Chicks')",2,Nashville,US,TN,260.0,130.0
2023-07-28,2023-07-28,2023-07-28,1,"('TesseracT', 'Haken')",2,Sibiu,Romania,,270.0,135.0
2023-07-19,2023-07-25,2023-07-19 to 2023-07-25,7,"('Louis Cole', 'Lindsey Stirling')",2,Madrid,Spain,,270.0,135.0
2023-08-23,2023-08-26,2023-08-23 to 2023-08-26,4,"('Ed Sheeran', 'Sam Smith')",2,Seattle,US,WA,270.0,135.0
2023-08-18,2023-08-19,2023-08-18 to 2023-08-19,2,"('Ed Sheeran', 'Sam Smith')",2,Denver,US,CO,270.0,135.0
2023-08-08,2023-08-12,2023-08-08 to 2023-08-12,5,"('Disturbed', 'Breaking Benjamin', 'Lamb Of God')",3,Syracuse,US,NY,270.0,90.0
2023-07-03,2023-07-09,2023-07-03 to 2023-07-09,7,"('Todd Rundgren', 'Maroon 5', 'Eagles of Death Metal')",3,London,UK,,270.0,90.0
2023-07-05,2023-07-05,2023-07-05,1,"('Fall Out Boy', 'Bring Me The Horizon')",2,Mountain View,US,CA,290.0,145.0
2023-07-11,2023-07-11,2023-07-11,1,"('Fall Out Boy', 'Bring Me The Horizon')",2,Rogers,US,AR,290.0,145.0
2023-05-18,2023-05-24,2023-05-18 to 2023-05-24,7,"('Harry Styles', 'Polyphia', 'Hans Zimmer')",3,Munich,Germany,,290.0,96.67
2023-07-18,2023-07-18,2023-07-18,1,"('Fall Out Boy', 'Bring Me The Horizon')",2,Cuyahoga Falls,US,OH,290.0,145.0
2023-07-15,2023-07-15,2023-07-15,1,"('Fall Out Boy', 'Bring Me The Horizon')",2,Cincinnati,US,OH,290.0,145.0
2023-07-29,2023-07-29,2023-07-29,1,"('Fall Out Boy', 'Bring Me The Horizon')",2,Clarkston,US,MI,290.0,145.0
2023-08-01,2023-08-01,2023-08-01,1,"('Fall Out Boy', 'Bring Me The Horizon')",2,Queens,US,NY,290.0,145.0
2023-06-28,2023-06-28,2023-06-28,1,"('Fall Out Boy', 'Bring Me The Horizon')",2,Dallas,US,TX,290.0,145.0
2023-08-04,2023-08-04,2023-08-04,1,"('Fall Out Boy', 'Bring Me The Horizon')",2,Darien Center,US,NY,290.0,145.0
2023-08-05,2023-08-05,2023-08-05,1,"('Fall Out Boy', 'Bring Me The Horizon')",2,Holmdel,US,NJ,290.0,145.0
2023-07-01,2023-07-01,2023-07-01,1,"('Fall Out Boy', 'Bring Me The Horizon')",2,Chula Vista,US,CA,290.0,145.0
2023-06-30,2023-06-30,2023-06-30,1,"('Fall Out Boy', 'Bring Me The Horizon')",2,Phoenix,US,AZ,290.0,145.0
2023-06-06,2023-06-10,2023-06-06 to 2023-06-10,5,"('Harry Styles', 'Louis Cole', 'Hans Zimmer')",3,Amsterdam,Netherlands,,290.0,96.67
2023-07-07,2023-07-07,2023-07-07,1,"('Fall Out Boy', 'Bring Me The Horizon')",2,West Valley City,US,UT,290.0,145.0
2023-07-02,2023-07-02,2023-07-02,1,"('Fall Out Boy', 'Bring Me The Horizon')",2,Los Angeles (LA),US,CA,290.0,145.0
2023-07-26,2023-07-26,2023-07-26,1,"('Fall Out Boy', 'Bring Me The Horizon')",2,Atlanta,US,GA,290.0,145.0
2023-07-24,2023-07-24,2023-07-24,1,"('Fall Out Boy', 'Bring Me The Horizon')",2,West Palm Beach,US,FL,290.0,145.0
2023-07-03,2023-07-03,2023-07-03,1,"('Fall Out Boy', 'Bring Me The Horizon')",2,Los Angeles (LA),US,CA,290.0,145.0
2023-07-22,2023-07-22,2023-07-22,1,"('Fall Out Boy', 'Bring Me The Horizon')",2,Virginia Beach,US,VA,290.0,145.0
2023-07-16,2023-07-16,2023-07-16,1,"('Fall Out Boy', 'Bring Me The Horizon')",2,Noblesville,US,IN,290.0,145.0
2023-07-09,2023-07-09,2023-07-09,1,"('Fall Out Boy', 'Bring Me The Horizon')",2,Greenwood Village,US,CO,290.0,145.0
2023-08-06,2023-08-06,2023-08-06,1,"('Fall Out Boy', 'Bring Me The Horizon')",2,Camden,US,NJ,290.0,145.0
2023-08-02,2023-08-02,2023-08-02,1,"('Fall Out Boy', 'Bring Me The Horizon')",2,Boston,US,MA,290.0,145.0
2023-07-30,2023-07-30,2023-07-30,1,"('Fall Out Boy', 'Bring Me The Horizon')",2,Toronto,Canada,ON,290.0,145.0
2023-06-27,2023-06-27,2023-06-27,1,"('Fall Out Boy', 'Bring Me The Horizon')",2,The Woodlands,US,TX,290.0,145.0
2023-07-25,2023-07-25,2023-07-25,1,"('Fall Out Boy', 'Bring Me The Horizon')",2,Tampa,US,FL,290.0,145.0
2023-07-19,2023-07-19,2023-07-19,1,"('Fall Out Boy', 'Bring Me The Horizon')",2,Bristow,US,VA,290.0,145.0
2023-07-13,2023-07-13,2023-07-13,1,"('Fall Out Boy', 'Bring Me The Horizon')",2,Somerset,US,WI,290.0,145.0
2023-07-21,2023-07-21,2023-07-21,1,"('Fall Out Boy', 'Bring Me The Horizon')",2,Charlotte,US,NC,290.0,145.0
2023-06-30,2023-07-04,2023-06-30 to 2023-07-04,5,"('The Academy Of Ancient Music', 'Maroon 5', 'Eagles of Death Metal')",3,London,UK,,290.0,96.67
2023-05-13,2023-05-15,2023-05-13 to 2023-05-15,3,"('Theo Katzman', 'Veil of Maya', 'RAYE')",3,Chicago,US,IL,300.0,100.0
2023-05-31,2023-05-31,2023-05-31,1,"('Sam Smith', 'Martin Garrix')",2,Tel Aviv-Jaffa,Israel,,300.0,150.0
2023-06-07,2023-06-07,2023-06-07,1,"('Disturbed', 'Three Days Grace', 'You Me At Six')",3,Nickelsdorf,Austria,,300.0,100.0
2023-06-16,2023-06-16,2023-06-16,1,"('Disturbed', 'Queens of the Stone Age', 'OneRepublic')",3,Landgraaf,Netherlands,,300.0,100.0
2023-05-15,2023-05-17,2023-05-15 to 2023-05-17,3,"('Veil of Maya', 'Lizzo', 'RAYE')",3,Chicago,US,IL,310.0,103.33
2023-05-23,2023-05-26,2023-05-23 to 2023-05-26,4,"('Louis Cole', 'Billy Cobham', 'Polyphia')",3,Paris,France,,310.0,103.33
2023-05-24,2023-05-25,2023-05-24 to 2023-05-25,2,"('Marshmello', 'The Chainsmokers', 'Bruno Mars')",3,Las Vegas,US,NV,320.0,106.67
2023-05-27,2023-05-28,2023-05-27 to 2023-05-28,2,"('Matchbox Twenty', 'Marshmello', 'Bruno Mars')",3,Las Vegas,US,NV,320.0,106.67
2023-05-05,2023-05-06,2023-05-05 to 2023-05-06,2,"('Marshmello', 'Veil of Maya', 'The Chicks')",3,Las Vegas,US,NV,320.0,106.67
2023-05-20,2023-05-22,2023-05-20 to 2023-05-22,3,"('Joey Alexander', 'Haken', 'Arch Echo')",3,Mesa,US,AZ,320.0,106.67
2023-05-26,2023-05-31,2023-05-26 to 2023-05-31,6,"('Plini', 'Matchbox Twenty', 'Sungazer')",3,Phoenix,US,AZ,330.0,110.0
2023-05-09,2023-05-13,2023-05-09 to 2023-05-13,5,"('Plini', 'Theo Katzman', 'Sungazer')",3,Chicago,US,IL,330.0,110.0
2023-07-12,2023-07-12,2023-07-12,1,"('Lil Nas X', 'Muse')",2,Bern,Switzerland,,330.0,165.0
2023-07-11,2023-07-13,2023-07-11 to 2023-07-13,3,"('Disturbed', 'Breaking Benjamin', 'Paramore')",3,Denver,US,CO,330.0,110.0
2023-05-07,2023-05-11,2023-05-07 to 2023-05-11,5,"('Post Malone', 'Sam Wills', 'Polyphia')",3,London,UK,,330.0,110.0
2023-05-04,2023-05-06,2023-05-04 to 2023-05-06,3,"('Haken', 'Arch Echo', 'Lizzo')",3,Montreal,Canada,QC,330.0,110.0
2023-05-13,2023-05-16,2023-05-13 to 2023-05-16,4,"('Plini', 'Lizzo', 'Sungazer')",3,Pittsburgh,US,PA,340.0,113.33
2023-07-28,2023-07-28,2023-07-28,1,"('Maroon 5', 'deadmau5')",2,Las Vegas,US,NV,340.0,170.0
2023-08-07,2023-08-08,2023-08-07 to 2023-08-08,2,"('Disturbed', 'Breaking Benjamin', 'Lindsey Stirling')",3,Raleigh,US,NC,340.0,113.33
2023-08-10,2023-08-15,2023-08-10 to 2023-08-15,6,"('Disturbed', 'Breaking Benjamin', 'Lindsey Stirling')",3,Cincinnati,US,OH,340.0,113.33
2023-05-24,2023-05-26,2023-05-24 to 2023-05-26,3,"('Plini', 'Lizzo', 'Sungazer')",3,Phoenix,US,AZ,340.0,113.33
2023-06-29,2023-06-29,2023-06-29,1,"('DOMi & JD BECK', 'Jacob Collier')",2,Vienne,France,,340.0,170.0
2023-08-18,2023-08-23,2023-08-18 to 2023-08-23,6,"('Ed Sheeran', 'Sam Smith', 'Lamb Of God')",3,Denver,US,CO,340.0,113.33
2023-05-18,2023-05-18,2023-05-18,1,"('Avenged Sevenfold', 'Queens of the Stone Age', 'TOOL')",3,Daytona Beach,US,FL,340.0,113.33
2023-07-13,2023-07-19,2023-07-13 to 2023-07-19,7,"('Snarky Puppy', 'Cory Wong', 'Parov Stelar')",3,Stuttgart,Germany,,340.0,113.33
2023-05-16,2023-05-20,2023-05-16 to 2023-05-20,5,"('Plini', 'Arch Echo', 'Sungazer')",3,Orlando,US,FL,350.0,116.67
2023-05-13,2023-05-17,2023-05-13 to 2023-05-17,5,"('Post Malone', 'Louis Cole', 'Polyphia')",3,Manchester,UK,,350.0,116.67
2023-05-05,2023-05-11,2023-05-05 to 2023-05-11,7,"('Haken', 'Arch Echo', 'RAYE')",3,New York (NYC),US,NY,350.0,116.67
2023-05-20,2023-05-24,2023-05-20 to 2023-05-24,5,"('Plini', 'Arch Echo', 'Sungazer')",3,Austin,US,TX,350.0,116.67
2023-05-21,2023-05-27,2023-05-21 to 2023-05-27,7,"('Ed Sheeran', 'Plini', 'Paramore')",3,Atlanta,US,GA,350.0,116.67
2023-05-17,2023-05-20,2023-05-17 to 2023-05-20,4,"('Veil of Maya', 'Haken', 'Arch Echo')",3,Atlanta,US,GA,350.0,116.67
2023-05-09,2023-05-13,2023-05-09 to 2023-05-13,5,"('Plini', 'Arch Echo', 'Sungazer')",3,Boston,US,MA,350.0,116.67
2023-04-27,2023-05-02,2023-04-27 to 2023-05-02,6,"('Disturbed', 'Theo Katzman', 'Theory of a Deadman', 'May Erlewine')",4,Montreal,Canada,QC,360.0,90.0
2023-09-09,2023-09-09,2023-09-09,1,"('Ed Sheeran', 'Zedd')",2,Las Vegas,US,NV,360.0,180.0
2023-05-26,2023-05-26,2023-05-26,1,"('Queens of the Stone Age', 'Foo Fighters', 'Paramore')",3,Boston,US,MA,360.0,120.0
2023-05-19,2023-05-21,2023-05-19 to 2023-05-21,3,"('Marshmello', 'deadmau5')",2,Las Vegas,US,NV,360.0,180.0
2023-06-21,2023-06-21,2023-06-21,1,"('Lil Nas X', 'Lizzo')",2,Pilton,UK,,360.0,180.0
2023-06-24,2023-06-27,2023-06-24 to 2023-06-27,4,"('Disturbed', 'Jacob Collier')",2,Munich,Germany,,360.0,180.0
2023-08-04,2023-08-09,2023-08-04 to 2023-08-09,6,"('Fall Out Boy', 'Bring Me The Horizon', 'Lamb Of God')",3,Darien Center,US,NY,360.0,120.0
2023-05-01,2023-05-03,2023-05-01 to 2023-05-03,3,"('Disturbed', 'Theo Katzman', 'Theory of a Deadman', 'May Erlewine')",4,Toronto,Canada,ON,360.0,90.0
2023-08-02,2023-08-06,2023-08-02 to 2023-08-06,5,"('Fall Out Boy', 'Bring Me The Horizon', 'Lamb Of God')",3,Camden,US,NJ,360.0,120.0
2023-06-27,2023-06-30,2023-06-27 to 2023-06-30,4,"('Fall Out Boy', 'Matchbox Twenty', 'Bring Me The Horizon')",3,The Woodlands,US,TX,370.0,123.33
2023-07-30,2023-08-02,2023-07-30 to 2023-08-02,4,"('Fall Out Boy', 'Matchbox Twenty', 'Bring Me The Horizon')",3,Toronto,Canada,ON,370.0,123.33
2023-07-22,2023-07-26,2023-07-22 to 2023-07-26,5,"('Fall Out Boy', 'Matchbox Twenty', 'Bring Me The Horizon')",3,Virginia Beach,US,VA,370.0,123.33
2023-05-20,2023-05-25,2023-05-20 to 2023-05-25,6,"('Plini', 'Veil of Maya', 'Paramore')",3,Atlanta,US,GA,370.0,123.33
2023-07-19,2023-07-19,2023-07-19,1,"('OneRepublic', 'Jacob Collier')",2,Ostrava,Czech Republic,,370.0,185.0
2023-08-01,2023-08-04,2023-08-01 to 2023-08-04,4,"('Fall Out Boy', 'Matchbox Twenty', 'Bring Me The Horizon')",3,Darien Center,US,NY,370.0,123.33
2023-06-28,2023-06-29,2023-06-28 to 2023-06-29,2,"('Fall Out Boy', 'Matchbox Twenty', 'Bring Me The Horizon')",3,Dallas,US,TX,370.0,123.33
2023-08-12,2023-08-12,2023-08-12,1,"('Zedd', 'Maroon 5')",2,Las Vegas,US,NV,380.0,190.0
2023-08-05,2023-08-11,2023-08-05 to 2023-08-11,7,"('Disturbed', 'Fall Out Boy', 'Bring Me The Horizon')",3,Holmdel,US,NJ,380.0,126.67
2023-08-01,2023-08-07,2023-08-01 to 2023-08-07,7,"('Disturbed', 'Sam Smith', 'Breaking Benjamin')",3,Raleigh,US,NC,380.0,126.67
2023-08-05,2023-08-05,2023-08-05,1,"('Zedd', 'Maroon 5')",2,Las Vegas,US,NV,380.0,190.0
2023-06-29,2023-06-30,2023-06-29 to 2023-06-30,2,"('DOMi & JD BECK', 'Yaron Herman', 'Jacob Collier')",3,Vienne,France,,380.0,126.67
2023-06-12,2023-06-14,2023-06-12 to 2023-06-14,3,"('NOTD', 'Jacob Collier')",2,Pittsburgh,US,PA,380.0,190.0
2023-05-19,2023-05-23,2023-05-19 to 2023-05-23,5,"('Plini', 'Sungazer', 'Paramore')",3,Charlotte,US,NC,380.0,126.67
2023-07-28,2023-07-28,2023-07-28,1,"('Periphery', 'Haken', 'Unprocessed')",3,Manchester,UK,,390.0,130.0
2023-05-03,2023-05-05,2023-05-03 to 2023-05-05,3,"('Theo Katzman', 'Haken', 'Arch Echo', 'May Erlewine')",4,Toronto,Canada,ON,390.0,97.5
2023-05-13,2023-05-17,2023-05-13 to 2023-05-17,5,"('Veil of Maya', 'Theo Katzman', 'Lizzo', 'RAYE')",4,Chicago,US,IL,390.0,97.5
2023-08-11,2023-08-11,2023-08-11,1,"('Zedd', 'Foo Fighters')",2,San Francisco,US,CA,390.0,195.0
2023-06-11,2023-06-12,2023-06-11 to 2023-06-12,2,"('Paramore', 'Jacob Collier')",2,Pittsburgh,US,PA,400.0,200.0
2023-06-23,2023-06-28,2023-06-23 to 2023-06-28,6,"('Fall Out Boy', 'Bring Me The Horizon', 'Madeon')",3,Dallas,US,TX,400.0,133.33
2023-07-01,2023-07-01,2023-07-01,1,"('Marshmello', 'Zedd')",2,Las Vegas,US,NV,400.0,200.0
2023-05-05,2023-05-09,2023-05-05 to 2023-05-09,5,"('Plini', 'Mac Ayres', 'Sungazer', 'May Erlewine')",4,Chicago,US,IL,400.0,100.0
2023-10-21,2023-10-21,2023-10-21,1,"('Thirty Seconds To Mars', 'Magnolia Park', 'Good Charlotte', '5 Seconds of Summer')",4,Las Vegas,US,NV,400.0,100.0
2023-05-08,2023-05-12,2023-05-08 to 2023-05-12,5,"('Plini', 'Theo Katzman', 'Sungazer', 'May Erlewine')",4,Minneapolis,US,MN,400.0,100.0
2023-05-25,2023-05-27,2023-05-25 to 2023-05-27,3,"('Matchbox Twenty', 'Marshmello', 'The Chainsmokers', 'Bruno Mars')",4,Las Vegas,US,NV,400.0,100.0
2023-07-15,2023-07-15,2023-07-15,1,"('Marshmello', 'Zedd')",2,Las Vegas,US,NV,400.0,200.0
2023-05-06,2023-05-10,2023-05-06 to 2023-05-10,5,"('Plini', 'Theo Katzman', 'Mac Ayres', 'Sungazer')",4,Detroit,US,MI,410.0,102.5
2023-09-02,2023-09-02,2023-09-02,1,"('Post Malone', 'Foo Fighters', 'Maroon 5', 'Bruno Mars')",4,São Paulo,Brazil,,430.0,107.5
2023-05-26,2023-05-26,2023-05-26,1,"('Post Malone', 'Lil Nas X', 'Lizzo')",3,Napa,US,CA,450.0,150.0
2023-06-15,2023-06-15,2023-06-15,1,"('Disturbed', 'Hollywood Undead', 'Three Days Grace', 'Meshuggah')",4,Dessel,Belgium,,450.0,112.5
2023-05-25,2023-05-25,2023-05-25,1,"('Avenged Sevenfold', 'Foo Fighters', 'TOOL', 'Queens of the Stone Age')",4,Columbus,US,OH,460.0,115.0
2023-06-29,2023-06-29,2023-06-29,1,"('Lil Nas X', 'Lizzo', 'OneRepublic')",3,Stockholm,Sweden,,460.0,153.33
2023-06-03,2023-06-08,2023-06-03 to 2023-06-08,6,"('Marshmello', 'Bruno Mars', 'deadmau5')",3,Las Vegas,US,NV,470.0,156.67
2023-05-24,2023-05-26,2023-05-24 to 2023-05-26,3,"('Queens of the Stone Age', 'Foo Fighters', 'Veil of Maya', 'Paramore')",4,Boston,US,MA,470.0,117.5
2023-05-19,2023-05-24,2023-05-19 to 2023-05-24,6,"('Marshmello', 'Bruno Mars', 'deadmau5')",3,Las Vegas,US,NV,470.0,156.67
2023-08-02,2023-08-05,2023-08-02 to 2023-08-05,4,"('Fall Out Boy', 'Bring Me The Horizon', 'Sam Smith')",3,Boston,US,MA,470.0,156.67
2023-06-02,2023-06-02,2023-06-02,1,"('Hollywood Undead', 'Foo Fighters', 'Three Days Grace', 'Meshuggah')",4,Nuremberg,Germany,,480.0,120.0
2023-05-17,2023-05-21,2023-05-17 to 2023-05-21,5,"('Plini', 'Veil of Maya', 'Haken', 'Arch Echo')",4,Atlanta,US,GA,480.0,120.0
2023-06-09,2023-06-09,2023-06-09,1,"('Lil Nas X', 'Lizzo', 'Diplo')",3,Corona,US,NY,480.0,160.0
2023-05-02,2023-05-06,2023-05-02 to 2023-05-06,5,"('Arch Echo', 'May Erlewine', 'Haken', 'Lizzo', 'Theo Katzman')",5,Montreal,Canada,QC,480.0,96.0
2023-06-23,2023-06-29,2023-06-23 to 2023-06-29,7,"('Fall Out Boy', 'Matchbox Twenty', 'Bring Me The Horizon', 'Madeon')",4,Dallas,US,TX,480.0,120.0
2023-05-11,2023-05-14,2023-05-11 to 2023-05-14,4,"('Plini', 'Haken', 'Arch Echo', 'Sungazer')",4,New York (NYC),US,NY,490.0,122.5
2023-05-19,2023-05-23,2023-05-19 to 2023-05-23,5,"('Plini', 'Haken', 'Arch Echo', 'Sungazer')",4,Dallas,US,TX,490.0,122.5
2023-05-05,2023-05-11,2023-05-05 to 2023-05-11,7,"('Plini', 'Haken', 'Arch Echo', 'Sungazer')",4,Toronto,Canada,ON,490.0,122.5
2023-05-13,2023-05-19,2023-05-13 to 2023-05-19,7,"('Plini', 'Haken', 'Arch Echo', 'Sungazer')",4,Charlotte,US,NC,490.0,122.5
2023-06-07,2023-06-07,2023-06-07,1,"('Disturbed', 'Monuments', 'Bring Me The Horizon', 'Three Days Grace')",4,Castle Donington,UK,,490.0,122.5
2023-05-24,2023-05-27,2023-05-24 to 2023-05-27,4,"('Plini', 'Haken', 'Arch Echo', 'Sungazer')",4,Los Angeles (LA),US,CA,490.0,122.5
2023-07-07,2023-07-13,2023-07-07 to 2023-07-13,7,"('Disturbed', 'Fall Out Boy', 'Bring Me The Horizon', 'Breaking Benjamin')",4,West Valley City,US,UT,490.0,122.5
2023-07-21,2023-07-22,2023-07-21 to 2023-07-22,2,"('Marshmello', 'Zedd', 'Dave Koz')",3,Las Vegas,US,NV,500.0,166.67
2023-05-05,2023-05-05,2023-05-05,1,"('Zedd', 'deadmau5')",2,Concord,US,CA,500.0,250.0
2023-06-29,2023-07-05,2023-06-29 to 2023-07-05,7,"('Snarky Puppy', 'DOMi & JD BECK', 'Yaron Herman', 'Jacob Collier')",4,Vienne,France,,500.0,125.0
2023-06-11,2023-06-14,2023-06-11 to 2023-06-14,4,"('NOTD', 'Paramore', 'Jacob Collier')",3,Pittsburgh,US,PA,510.0,170.0
2023-06-15,2023-06-15,2023-06-15,1,"('Lil Nas X', 'Foo Fighters', 'Vulfpeck')",3,Manchester,US,TN,520.0,173.33
2023-10-05,2023-10-05,2023-10-05,1,"('Avenged Sevenfold', 'Queens of the Stone Age', 'Korn', 'TOOL', 'You Me At Six')",5,Sacramento,US,CA,530.0,106.0
2023-09-21,2023-09-21,2023-09-21,1,"('Avenged Sevenfold', 'Queens of the Stone Age', 'TOOL', 'Foo Fighters', 'You Me At Six')",5,Louisville,US,KY,540.0,108.0
2023-05-19,2023-05-25,2023-05-19 to 2023-05-25,7,"('Marshmello', 'The Chainsmokers', 'Bruno Mars', 'deadmau5')",4,Las Vegas,US,NV,550.0,137.5
2023-05-09,2023-05-15,2023-05-09 to 2023-05-15,7,"('Plini', 'Veil of Maya', 'RAYE', 'Theo Katzman', 'Sungazer')",5,Chicago,US,IL,550.0,110.0
2023-07-22,2023-07-28,2023-07-22 to 2023-07-28,7,"('Marshmello', 'Maroon 5', 'Dave Koz', 'deadmau5')",4,Las Vegas,US,NV,570.0,142.5
2023-05-01,2023-05-05,2023-05-01 to 2023-05-05,5,"('Arch Echo', 'Disturbed', 'May Erlewine', 'Haken', 'Theo Katzman', 'Theory of a Deadman')",6,Toronto,Canada,ON,600.0,100.0
2023-08-12,2023-08-17,2023-08-12 to 2023-08-17,6,"('Zedd', 'Maroon 5', 'deadmau5')",3,Las Vegas,US,NV,610.0,203.33
2023-06-28,2023-06-28,2023-06-28,1,"('Queens of the Stone Age', 'Lil Nas X', 'Thundercat', 'Lizzo', 'OneRepublic')",5,Gdynia,Poland,,650.0,130.0
2023-07-06,2023-07-06,2023-07-06,1,"('Queens of the Stone Age', 'Lizzo', 'Sam Smith', 'Jacob Collier')",4,Algés,Portugal,,650.0,162.5
2023-06-02,2023-06-02,2023-06-02,1,"('Hollywood Undead', 'Meshuggah', 'Bring Me The Horizon', 'Three Days Grace', 'Foo Fighters')",5,Nürburg,Germany,,660.0,132.0
2023-05-13,2023-05-13,2023-05-13,1,"('Korn', 'Zedd', 'The Chicks', 'System Of A Down')",4,Las Vegas,US,NV,710.0,177.5
2023-05-19,2023-05-19,2023-05-19,1,"('Lil Nas X', 'AJR', 'Thundercat', 'Paramore')",4,Gulf Shores,US,AL,730.0,182.5
2023-06-29,2023-06-29,2023-06-29,1,"('Queens of the Stone Age', 'Lil Nas X', 'Muse', 'Jacob Collier', 'RAYE')",5,Rotselaar,Belgium,,820.0,164.0
2023-05-13,2023-05-14,2023-05-13 to 2023-05-14,2,"('Marshmello', 'The Chicks', 'Korn', 'Zedd', 'System Of A Down')",5,Las Vegas,US,NV,840.0,168.0
2023-06-24,2023-06-29,2023-06-24 to 2023-06-29,6,"('Queens of the Stone Age', 'Lil Nas X', 'Muse', 'Harry Styles', 'RAYE', 'Jacob Collier')",6,Rotselaar,Belgium,,910.0,151.67
2023-07-06,2023-07-06,2023-07-06,1,"('Queens of the Stone Age', 'Lil Nas X', 'Lizzo', 'Sam Smith', 'Jacob Collier')",5,Madrid,Spain,,920.0,184.0
2023-05-13,2023-05-19,2023-05-13 to 2023-05-19,7,"('Marshmello', 'The Chicks', 'Korn', 'Zedd', 'System Of A Down', 'deadmau5')",6,Las Vegas,US,NV,1070.0,178.33
